date, pm25, pm10, o3, no2, so2, co
1/1/14, ,151,21,69,40,22
1/2/14,233,216,13,70,49,28
1/3/14,252,173,29,52,51,22
1/4/14,268,129,28,50,45,21
1/5/14,189,164,40,59,49,26
1/6/14,252,174,34,49,44,27
1/7/14,274,144,34,33,12,30
1/8/14,335,119,35,33,51,29
1/9/14,278,163,24,45,46,32
1/10/14,321,100,31,38,39,19
1/11/14,245,67,38,30,22,13
1/12/14,178,113,48,35,30,17
1/13/14,233,189,16,54,45,25
1/14/14,344,167,35,49,40,25
1/15/14,305,125,41,40,35,18
1/16/14,242,114,29,57,46,18
1/17/14,199,176,36,57,40,21
1/18/14,330,170,46,50,50,23
1/19/14,317,163,37,59,48,21
1/20/14,290,140,46,45,31,17
1/21/14,241,111,45,41,35,15
1/22/14,171,109,24,46,39,16
1/23/14,182,106,38,47,51,16
1/24/14,184,131,51,56,50,22
1/25/14,205,197,47,50,52,27
1/26/14,330,178,49,57,49,30
1/27/14,387,138,39,43,38,23
1/28/14,303,163,43,46,25,23
1/29/14,374,152,35,30,17,19
1/30/14,396,97,52,42,28,27
1/31/14,246,146,59,41,44,23
2/1/14,284,129,47,33,17,17
2/2/14,271,153,32,38,18,27
2/3/14,301,107,15,24,14,25
2/4/14,242,38,38,15,10,9
2/5/14,146,27,37,14,8,7
2/6/14,135,19,28,14,7,7
2/7/14,122,31,34,16,9,8
2/8/14,132,48,44,13,9,9
2/9/14,159,71,46,13,18,11
2/10/14,187,59,48,16,23,10
2/11/14,171,68,47,25,25,13
2/12/14,176,63,46,26,18,11
2/13/14,166,63,44,20,16,9
2/14/14,180,65,46,33,19,12
2/15/14,175,79,43,31,34,13
2/16/14,184,74,24,35,22,12
2/17/14,183,60,27,20,15,12
2/18/14,179,20,45,17,13,7
2/19/14,133,54,44,33,14,10
2/20/14,147,88,56,37,39,15
2/21/14,177,91,44,40,34,15
2/22/14,170,116,38,50,35,17
2/23/14,176,142,33,46,22,17
2/24/14,233,91,24,36,18,17
2/25/14,211,46,27,23,16,12
2/26/14,276,63,23,30,22,13
2/27/14,167,73,37,30,14,13
2/28/14,168,23,26,20,7,12
3/1/14,120,39,31,19,9,9
3/2/14,138,74,33,26,12,11
3/3/14,185,88,39,34,21,14
3/4/14,192,84,54,39,25,13
3/5/14,185,86,76,37,20,13
3/6/14,175,75,63,30,15,10
3/7/14,175,54,43,28,26,10
3/8/14,152,71,53,32,22,11
3/9/14,166,97,52,47,23,14
3/10/14,187,91,69,37,36,12
3/11/14,174,87,33,38,38,12
3/12/14,167,120,34,24,27,11
3/13/14,185,81,50,25,22,8
3/14/14,156,103,59,46,19,12
3/15/14,171,105,66,45,21,12
3/16/14,169,138,54,52,26,16
3/17/14,192,153,74,46,34,14
3/18/14,182,141,45,52,44,16
3/19/14,185,132,52,22,19,11
3/20/14,191,80,58,24,15,8
3/21/14,167,87,59,38,24,12
3/22/14,161,118,53,57,35,16
3/23/14,186,121,9,58,38,18
3/24/14,196,98,30,41,26,14
3/25/14,190,78,66,34,18,16
3/26/14,179,104,63,49,36,19
3/27/14,186,97,91,42,43,14
3/28/14,173,74,70,42,30,11
3/29/14,148,115,105,33,21,11
3/30/14,168,136,87,42,34,13
3/31/14,178,82,46,36,20,8
4/1/14,157,78,60,44,28,14
4/2/14,149,120,87,55,32,14
4/3/14,180,129,108,48,15,11
4/4/14,175,136,110,37,25,13
4/5/14,200,162,88,64,16,15
4/6/14,226,93,54,34,28,12
4/7/14,166,76,52,34,21,10
4/8/14,174,113,65,55,29,15
4/9/14,194,115,92,54,23,16
4/10/14,191,99,82,45,32,11
4/11/14,163,77,61,33,23,12
4/12/14,152,31,47,18,6,9
4/13/14,130,57,47,21,7,9
4/14/14,154,75,89,31,16,10
4/15/14,154,66,47,33,21,12
4/16/14,157,33,41,22,7,9
4/17/14,110,47,53,31,9,11
4/18/14,137,65,42,29,21,12
4/19/14,151,24,61,16,7,7
4/20/14,88,65,55,28,12,10
4/21/14,156,32,41,26,7,9
4/22/14,103,59,60,24,11,9
4/23/14,154,67,45,35,29,11
4/24/14,159,71,32,34,25,12
4/25/14,164,71,23,33,19,12
4/26/14,173,48,56,19,10,7
4/27/14,123,84,83,22,11,6
4/28/14,149,97,85,46,13,8
4/29/14,146,102,72,53,25,12
4/30/14,162,95,69,42,21,7
5/1/14,151,185,90,53,18,13
5/2/14,175,169,53,36,14,9
5/3/14,171, , , , , 
5/4/14, ,87,38,26,10,6
5/5/14,158,102,72,34,25,12
5/6/14,151,102,94,45,24,9
5/7/14,152,116,76,52,19,8
5/8/14,162,141,93,42,29,13
5/9/14,181,70,55,25,26,8
5/10/14,150,40,44,24,22,9
5/11/14,125,34,75,17,13,8
5/12/14,100,98,100,50,23,12
5/13/14,162,101,52,46,32,12
5/14/14,172,57,61,24,13,9
5/15/14,158,81,77,31,19,7
5/16/14,165,168,70,74,35,17
5/17/14,185,84,54,28,18,8
5/18/14,172,103,53,45,21,15
5/19/14,189,134,47,62,24,15
5/20/14,212,136,91,43,20,12
5/21/14,248,169,40,55,31,18
5/22/14,293,81,66,33,24,13
5/23/14,174,70,70,28,29,9
5/24/14,143,65,35,28,21,11
5/25/14,140,91,42,27,17,13
5/26/14,169,290,60,29,14,7
5/27/14,210,171,71,28,10,8
5/28/14,208,142,64,47,17,9
5/29/14,172,163,93,42,18,11
5/30/14,179,144,71,37,25,11
5/31/14,173,81,42,24,26,11
6/1/14,157,45,65,21,10,9
6/2/14,122,71,95,19,9,8
6/3/14,141,69,84,18,11,7
6/4/14,143,85,116,33,19,11
6/5/14,160,112,122,50,20,12
6/6/14,171,132,145,62,23,13
6/7/14,183,119,133,39,11,11
6/8/14,185,145,101,60,22,19
6/9/14,206,166,132,58,17,17
6/10/14,222,152,128,49,17,13
6/11/14,207,160,135,48,15,12
6/12/14,194,259,123,45,16,17
6/13/14,316,166,117,46,26,18
6/14/14,242,121,113,35,19,12
6/15/14,197,89,76,21,12,10
6/16/14,176,68,50,22,7,9
6/17/14,165,75,75,35,11,8
6/18/14,173,95,128,34,22,11
6/19/14,173,88,99,27,23,11
6/20/14,170,107,75,22,16,12
6/21/14,182,90,72,24,10,13
6/22/14,183,86,124,30,15,11
6/23/14,170,93,93,35,14,9
6/24/14,165,68,75,26,12,6
6/25/14,150,62,44,26,21,19
6/26/14,128,32,52,22,24,7
6/27/14,108,51,39,25,9,8
6/28/14,122,71,57,32,13,12
6/29/14,156,90,60,45,14,11
6/30/14,216,90,89,39,18,14
7/1/14,183,78,56,31,18,13
7/2/14,166,67,66,34,14,10
7/3/14,155,83,127,33,37,15
7/4/14,180,59,49,28,16,13
7/5/14,119,39,62,19,14,10
7/6/14,93,57,105,31,15,10
7/7/14,117,81,107,35,22,14
7/8/14,159,97,121,38,23,15
7/9/14,158,108,119,48,14,14
7/10/14,168,107,142,49,16,16
7/11/14,174,117,106,35,20,21
7/12/14,176,61,59,36,16,9
7/13/14,160,47,60,30,13,7
7/14/14,100,62,75,30,14,8
7/15/14,131,56,51,28,28,9
7/16/14,109,47,48,22,20,8
7/17/14,76,51,48,26,15,13
7/18/14,110,81,87,30,15,15
7/19/14,140,89,102,34,12,14
7/20/14,129,79,93,34,16,13
7/21/14,133,97,91,37,16,16
7/22/14,131,132,146,51,14,13
7/23/14,300,143,96,41,11,13
7/24/14,305,121,113,19,14,10
7/25/14,215,96,112,28,13,10
7/26/14,161,90,101,33,10,10
7/27/14,147,118,164,48,16,16
7/28/14,166,128,112,50,15,12
7/29/14,172,81,79,35,17,9
7/30/14,141,76,92,34,13,8
7/31/14,143,81,100,36,22,13
8/1/14,138,64,80,20,11,9
8/2/14,139,54,64,19,13,11
8/3/14,157,85,91,34,15,11
8/4/14,123,98,130,40,22,13
8/5/14,160,91,112,32,27,14
8/6/14,155,82,128,31,20,20
8/7/14,137,61,70,14,10,13
8/8/14,136,44,70,16,17,12
8/9/14,99,80,67,20,11,11
8/10/14,151,90,91,20,13,12
8/11/14,164,56,47,20,11,11
8/12/14,132,56,52,21,12,11
8/13/14,154,37,79,18,13,8
8/14/14,104,50,76,28,17,12
8/15/14,110,100,131,45,25,18
8/16/14,170,93,80,44,21,15
8/17/14,169,56,52,24,21,18
8/18/14,143,59,39,25,22,9
8/19/14,144,69,84,25,15,11
8/20/14,151,96,107,33,16,13
8/21/14,164,107,112,37,22,13
8/22/14,248,107,113,40,21,11
8/23/14,228,137,97,38,22,12
8/24/14,171,68,73,23,13,12
8/25/14,137,81,108,43,18,12
8/26/14,161,91,52,47,12,15
8/27/14,177,62,59,26,13,12
8/28/14,167,62,79,25,14,14
8/29/14,181,60,70,27,13,18
8/30/14,165,89,104,28,20,20
8/31/14,146,59,65,23,16,19
9/1/14,121,38,48,18,13,14
9/2/14,148,47,39,24,13,10
9/3/14,104,50,87,23,14,9
9/4/14,118,86,112,46,25,16
9/5/14,151,117,112,54,18,14
9/6/14,171,123,121,52,22,16
9/7/14,175,133,101,52,18,15
9/8/14,176,127,97,40,17,16
9/9/14,262,73,70,26,17,19
9/10/14,147,77,46,24,21,16
9/11/14,155,82,78,28,26,12
9/12/14,163,59,41,26,15,12
9/13/14,175,35,45,15,9,8
9/14/14,113,71,71,31,15,13
9/15/14,136,56,42,21,10,13
9/16/14,121,55,82,24,16,14
9/17/14,109,66,68,18,11,11
9/18/14,126,20,33,17,9,10
9/19/14,60,30,50,19,16,12
9/20/14,167,59,90,33,12,12
9/21/14,222,90,96,42,20,17
9/22/14,155,67,76,32,28,17
9/23/14,141,64,72,24,23,8
9/24/14,118,72,105,24,12,10
9/25/14,123,109,70,42,20,18
9/26/14,173,108,90,43,21,14
9/27/14,260,150,97,42,28,15
9/28/14,179,108,103,25,24,12
9/29/14,176,45,61,15,16,11
9/30/14,116,51,60,16,11,11
10/1/14,119,75,56,29,22,17
10/2/14,184,72,70,27,13,12
10/3/14,150,111,85,46,26,15
10/4/14,158,112,102,41,27,14
10/5/14,161,158,103,31,16,13
10/6/14,207,133,93,26,24,16
10/7/14,224,113,109,46,31,19
10/8/14,173,111,124,47,37,16
10/9/14,174,152,124,62,28,19
10/10/14,184,103,101,42,21,15
10/11/14,166,92,97,35,16,13
10/12/14,165,129,89,20,15,10
10/13/14,211,88,59,19,12,8
10/14/14,157,94,85,35,19,12
10/15/14,166,152,122,69,23,16
10/16/14,194,170,59,73,36,20
10/17/14,229,168,71,56,27,18
10/18/14,244,204,52,73,30,21
10/19/14,245,207,100,63,38,18
10/20/14,229,191,106,54,28,19
10/21/14,269,53,51,20,13,13
10/22/14,144,82,62,39,19,14
10/23/14,170,118,76,50,28,19
10/24/14,178,191,89,61,35,22
10/25/14,210,177,91,61,32,19
10/26/14,195,270,92,64,39,22
10/27/14,227,154,67,28,17,16
10/28/14,250,91,44,30,23,21
10/29/14,184,45,40,23,19,15
10/30/14,156,25,31,21,14,11
10/31/14,91,76,39,25,17,15
11/1/14,179,93,58,24,23,13
11/2/14,203,65,52,18,19,7
11/3/14,115,104,57,40,29,15
11/4/14,147,100,61,50,33,14
11/5/14,167,83,37,44,34,12
11/6/14,169,94,66,46,25,18
11/7/14,164,86,45,36,22,15
11/8/14,167,56,41,25,15,9
11/9/14,160,58,36,30,16,10
11/10/14,140,71,32,31,19,11
11/11/14,165,95,101,38,28,16
11/12/14,175,78,47,31,19,9
11/13/14,140,116,55,46,25,15
11/14/14,160,118,54,53,42,16
11/15/14,181,106,34,42,30,12
11/16/14,187,120,49,45,21,14
11/17/14,213,94,61,35,24,12
11/18/14,188,110,60,53,37,23
11/19/14,180,127,61,56,37,15
11/20/14,185,135,61,57,46,18
11/21/14,191,170,52,67,45,22
11/22/14,230,162,64,58,38,20
11/23/14,233,159,40,41,20,29
11/24/14,337,28,28,23,15,17
11/25/14,115,59,31,25,16,15
11/26/14,191,68,32,29,25,18
11/27/14,173,43,34,28,18,16
11/28/14,131,59,36,30,15,21
11/29/14,155,49,28,27,15,27
11/30/14,148,53,31,29,15,18
12/1/14,137,88,45,20,16,9
12/2/14,125,104,135,29,33,15
12/3/14,157,87,29,33,28,13
12/4/14,156,101,137,35,25,16
12/5/14,197,115,64,48,36,19
12/6/14,193,91,47,42,34,16
12/7/14,166,96,50,36,20,14
12/8/14,162,108,80,40,39,17
12/9/14,223,98,35,37,30,28
12/10/14,200,76,35,26,20,12
12/11/14,175,93,30,29,22,8
12/12/14,155,118,48,39,24,13
12/13/14,176,115,45,51,29,15
12/14/14,211,107,39,49,40,16
12/15/14,179,125,37,47,38,17
12/16/14,176,96,47,25,15,8
12/17/14,104,114,41,45,22,16
12/18/14,168,154,30,47,39,19
12/19/14,181,102,48,38,28,16
12/20/14,160,120,61,43,28,24
12/21/14,195,99,48,30,25,24
12/22/14,164,111,44,45,38,28
12/23/14,176,116,31,46,43,19
12/24/14,188,152,42,62,37,30
12/25/14,230,132,35,40,28,20
12/26/14,262,101,47,38,34,26
12/27/14,191,80,35,32,18,22
12/28/14,176,89,48,31,26,22
12/29/14,189, , , , , 
1/1/15, ,109,29,43,31,20
1/2/15,156,127,24,46,43,19
1/3/15,178,181,37,52,34,24
1/4/15,222,160,36,68,52,27
1/5/15,224,153,22,56,40,22
1/6/15,247,140,19,36,39,25
1/7/15,324,125,38,43,21,23
1/8/15,212,154,39,67,27,23
1/9/15,243,167,28,69,31,29
1/10/15,285,222,41,78,34,41
1/11/15,309,219,36,77,35,34
1/12/15,302,131,43,54,29,24
1/13/15,234,94,32,37,21,22
1/14/15,187,80,32,36,13,13
1/15/15,191,114,22,49,21,22
1/16/15,203,112,38,46,18,19
1/17/15,201,121,57,48,35,22
1/18/15,211,129,51,45,25,14
1/19/15,200,126,51,55,35,20
1/20/15,215,143,29,59,34,20
1/21/15,193,203,45,47,30,35
1/22/15,214,110,43,41,48,33
1/23/15,186,102,31,48,46,21
1/24/15,173,211,35,55,36,33
1/25/15,193,160,30,36,20,36
1/26/15,312,138,24,36,23,57
1/27/15,336,80,48,19,13,26
1/28/15,198,21,40,16,10,11
1/29/15,120,42,41,21,22,13
1/30/15,148,64,49,26,20,14
1/31/15,174,89,54,27,19,17
2/1/15,205,88,47,35,14,18
2/2/15,208,73,29,31,16,18
2/3/15,189,125,39,29,14,17
2/4/15,207,188,68,49,25,23
2/5/15,260,172,42,52,36,24
2/6/15,255,134,56,57,31,19
2/7/15,210,215,34,70,32,22
2/8/15,230,137,52,40,35,26
2/9/15,256,84,51,36,22,17
2/10/15,160,96,65,48,38,15
2/11/15,177,117,57,43,40,17
2/12/15,218,168,53,58,48,25
2/13/15,253,202,83,72,52,33
2/14/15,236,123,47,51,46,21
2/15/15,203,89,39,36,41,21
2/16/15,187,135,35,43,32,26
2/17/15,208,155,92,47,24,21
2/18/15,222,129,57,32,23,24
2/19/15,200,112,41,25,20,20
2/20/15,196,56,27,14,10,16
2/21/15,134,67,53,19,13,14
2/22/15,163,99,45,27,9,19
2/23/15,206,87,40,24,13,20
2/24/15,191,83,23,26,11,16
2/25/15,177,69,18,26,13,18
2/26/15,169,57,44,27,14,16
2/27/15,155,42,29,21,11,17
2/28/15,136,28,32,14,10,12
3/1/15,95,64,34,34,14,15
3/2/15,157,77,50,39,20,16
3/3/15,174,176,50,21,16,13
3/4/15,164,75,38,31,19,25
3/5/15,147,57,31,19,14,13
3/6/15,152,92,47,27,18,21
3/7/15,189,84,58,30,25,14
3/8/15,175,71,25,34,28,17
3/9/15,160,103,62,32,26,39
3/10/15,196,123,31,29,23,20
3/11/15,228,98,30,39,26,19
3/12/15,173,102,49,43,31,14
3/13/15,173,159,42,54,36,21
3/14/15,185,140,30,46,30,20
3/15/15,178,106,11,33,29,29
3/16/15,194,84,52,31,32,20
3/17/15,175,50,16,26,31,23
3/18/15,135,25,18,20,15,19
3/19/15,97,50,37,22,19,19
3/20/15,131,51,32,26,18,28
3/21/15,134,96,64,43,26,21
3/22/15,176,130,59,50,32,25
3/23/15,180,117,65,40,29,20
3/24/15,163,123,71,40,32,23
3/25/15,168,104,66,42,35,29
3/26/15,153,77,53,37,28,22
3/27/15,156,76,50,33,19,17
3/28/15,164,102,58,45,25,20
3/29/15,176,111,55,46,29,28
3/30/15,182,58,37,28,27,24
3/31/15,153,74,70,30,33,20
4/1/15,154,97,46,40,38,32
4/2/15,164,46,43,26,32,24
4/3/15,96,94,30,39,50,30
4/4/15,140,50,25,24,30,27
4/5/15,141,48,57,19,8,15
4/6/15,143,58,63,20,9,18
4/7/15,161,65,55,15,9,25
4/8/15,146,56,45,27,10,12
4/9/15,136,75,62,38,19,13
4/10/15,154,103,73,40,16,20
4/11/15,200,155,91,62,25,24
4/12/15,188,127,65,36,14,12
4/13/15,136,97,71,29,12,8
4/14/15,104,103,82,38,19,10
4/15/15,141,119,37,55,29,18
4/16/15,164,112,66,38,21,32
4/17/15,171,134,63,42,43,47
4/18/15,168,114,37,46,26,26
4/19/15,170,48,51,21,13,18
4/20/15,128,43,43,18,12,14
4/21/15,123,89,73,48,18,18
4/22/15,156,102,89,60,19,18
4/23/15,157,194,92,81,24,25
4/24/15,181,129,49,64,21,28
4/25/15,170,167,106,64,23,27
4/26/15,199,158,101,62,23,23
4/27/15,171,145,92,42,19,26
4/28/15,169,81,56,28,20,16
4/29/15,153,105,107,24,17,17
4/30/15,170,110,117,42,24,17
5/1/15,158,91,70,39,22,16
5/2/15,163,46,60,19,14,11
5/3/15,104,75,97,29,21,15
5/4/15,154,84,63,33,23,13
5/5/15,160,101,103,41,20,16
5/6/15,194,121,133,48,17,12
5/7/15,179,108,84,39,22,13
5/8/15,174,78,51,26,17,12
5/9/15,159,84,92,40,14,15
5/10/15,157,103,89,38,22,14
5/11/15,169,91,45,24,15,7
5/12/15,128,108,67,24,11,7
5/13/15,127,102,52,33,19,14
5/14/15,139,71,39,27,15,21
5/15/15,114,67,48,24,9,13
5/16/15,134,93,99,28,11,14
5/17/15,163,82,72,33,17,18
5/18/15,156,100,52,41,9,17
5/19/15,177,139,151,57,14,18
5/20/15,198,125,90,48,13,19
5/21/15,179,87,115,40,23,15
5/22/15,134,90,110,33,20,17
5/23/15,140,100,59,34,15,13
5/24/15,169,133,138,58,20,18
5/25/15,199,189,102,74,26,29
5/26/15,216,98,95,41,23,22
5/27/15,193,87,38,31,11,14
5/28/15,172,96,72,37,15,26
5/29/15,170,49,35,22,13,13
5/30/15,126,82,83,30,11,12
5/31/15,151,124,126,49,20,15
6/1/15,185,110,85,39,28,14
6/2/15,175,54,46,20,14,12
6/3/15,129,68,45,30,13,10
6/4/15,135,69,47,28,16,10
6/5/15,149,63,66,28,15,8
6/6/15,125,94,90,43,22,11
6/7/15,144,64,53,37,22,17
6/8/15,127,49,43,28,15,8
6/9/15,97,90,80,45,20,10
6/10/15,164,82,64,39,21,11
6/11/15,140,113,62,37,18,9
6/12/15,141,152,94,54,23,10
6/13/15,153,142,58,59,25,13
6/14/15,158,73,38,30,28,12
6/15/15,134,52,31,22,20,8
6/16/15,107,96,52,31,19,12
6/17/15,153,28,26,23,17,11
6/18/15,111,57,84,26,18,12
6/19/15,130,90,114,47,12,17
6/20/15,156,93,94,37,22,13
6/21/15,166,72,87,28,13,23
6/22/15,165,61,89,28,13,15
6/23/15,149,73,110,25,22,15
6/24/15,156,57,61,29,23,10
6/25/15,128,63,59,22,11,10
6/26/15,118,75,118,33,14,19
6/27/15,128,62,58,24,11,10
6/28/15,121,68,90,37,19,17
6/29/15,119,83,77,30,14,13
6/30/15,147,47,28,16,9,9
7/1/15,110,48,109,24,9,7
7/2/15,111,90,128,47,12,14
7/3/15,180,89,64,31,11,14
7/4/15,153,67,73,51,11,12
7/5/15,134,66,72,27,8,8
7/6/15,130,52,44,19,9,9
7/7/15,117,51,59,19,12,11
7/8/15,93,80,97,32,11,11
7/9/15,151,73,44,21,12,15
7/10/15,140,48,65,13,11,13
7/11/15,96,57,55,14,9,11
7/12/15,109,75,78,32,8,10
7/13/15,132,112,137,43,10,11
7/14/15,159,118,117,50,18,15
7/15/15,173,87,66,36,14,18
7/16/15,180,25,60,18,15,10
7/17/15,101,43,46,17,11,9
7/18/15,127,71,81,26,8,9
7/19/15,158,93,85,38,13,14
7/20/15,162,77,89,33,11,14
7/21/15,143,83,135,32,14,15
7/22/15,149,90,101,40,15,14
7/23/15,154,42,43,32,8,17
7/24/15,122,51,106,33,4,9
7/25/15,116,68,112,26,11,12
7/26/15,153,54,49,23,13,9
7/27/15,122,46,37,20,10,8
7/28/15,95,53,48,22,11,8
7/29/15,100,60,52,22,12,7
7/30/15,114,61,46,17,8,6
7/31/15,106,73,51,21,10,7
8/1/15,90,65,47,21,13,6
8/2/15,91,68,60,22,12,8
8/3/15,103,72,53,23,17,7
8/4/15,121,63,44,18,14,7
8/5/15,112,68,47,24,10,6
8/6/15,116,52,83,19,7,8
8/7/15,112,60,61,24,8,9
8/8/15,107,63,55,13,9,8
8/9/15,125,47,31,9,4,6
8/10/15,97,22,20,8,3,7
8/11/15,74,30,34,10,4,7
8/12/15,78,55,62,21,10,10
8/13/15,99,64,165,25,11,10
8/14/15,115,84,91,30,18,12
8/15/15,161,87,39,32,12,14
8/16/15,152,69,99,30,6,10
8/17/15,143,94,107,39,11,14
8/18/15,160,90,81,28,12,10
8/19/15,162,50,32,22,11,15
8/20/15,116,46,52,14,6,5
8/21/15,94,64,88,30,8,9
8/22/15,122,85,103,36,11,13
8/23/15,151,110,91,36,15,16
8/24/15,161,83,88,14,8,9
8/25/15,158,86,84,20,8,9
8/26/15,159,95,112,44,12,13
8/27/15,162,137,132,48,13,13
8/28/15,173,104,103,42,15,14
8/29/15,165,103,134,32,16,14
8/30/15,172,113,109,46,16,14
8/31/15,167,110,105,42,16,16
9/1/15,168,84,77,28,9,9
9/2/15,158,64,99,15,15,9
9/3/15,140,78,105,27,18,15
9/4/15,147,85,62,29,14,10
9/5/15,143,56,77,24,15,10
9/6/15,119,99,73,30,19,18
9/7/15,148,79,93,12,12,17
9/8/15,170,75,109,28,20,19
9/9/15,141,86,118,33,18,16
9/10/15,141,80,195,31,18,19
9/11/15,146,84,50,31,16,15
9/12/15,146,63,64,15,9,11
9/13/15,152,68,74,28,21,15
9/14/15,118,95,97,33,21,13
9/15/15,140,96,113,35,22,16
9/16/15,162,86,104,36,18,16
9/17/15,154,102,79,35,32,13
9/18/15,151,67,61,34,17,13
9/19/15,147,64,85,31,17,15
9/20/15,136,98,120,42,20,14
9/21/15,165,103,117,46,22,14
9/22/15,168,87,57,37,19,14
9/23/15,161,74,108,29,23,15
9/24/15,159,83,42,30,13,16
9/25/15,170,55,43,20,10,10
9/26/15,127,84,91,37,16,18
9/27/15,158,98,109,43,17,16
9/28/15,160,91,119,39,26,17
9/29/15,164,66,77,21,21,16
9/30/15,125,35,65,13,12,8
10/1/15,94,65,69,17,14,11
10/2/15,119,118,94,41,21,14
10/3/15,154,130,101,50,21,18
10/4/15,178,112,100,41,22,25
10/5/15,165,84,77,34,15,28
10/6/15,175,58,49,29,11,25
10/7/15,153,27,60,18,9,21
10/8/15,102,35,68,12,12,19
10/9/15,102,64,52,23,20,17
10/10/15,139,93,71,39,14,19
10/11/15,158,117,81,46,14,16
10/12/15,173,137,92,58,23,20
10/13/15,177,125,68,59,28,20
10/14/15,174,137,59,54,41,15
10/15/15,179,150,97,66,31,18
10/16/15,194,175,109,67,27,24
10/17/15,202,130,115,57,27,18
10/18/15,185,159,123,68,28,23
10/19/15,201,117,112,55,25,18
10/20/15,170,119,102,55,24,18
10/21/15,171,143,112,59,26,17
10/22/15,177,104,109,46,22,20
10/23/15,171,132,107,40,21,20
10/24/15,195,137,107,49,25,28
10/25/15,203,122,104,43,19,17
10/26/15,190,99,39,26,17,14
10/27/15,186,57,52,21,12,9
10/28/15,103,75,38,35,22,14
10/29/15,145,34,69,21,14,11
10/30/15,100,100,59,23,15,16
10/31/15,212,62,62,21,14,12
11/1/15,148,73,81,28,18,14
11/2/15,220,82,70,42,19,16
11/3/15,161,91,93,37,27,17
11/4/15,167,93,46,39,28,19
11/5/15,177,80,62,31,20,19
11/6/15,168,68,23,27,16,15
11/7/15,150,28,51,14,11,15
11/8/15,102,51,61,18,9,16
11/9/15,150,72,66,30,20,22
11/10/15,165,77,45,27,17,19
11/11/15,184,83,100,27,21,19
11/12/15,180,53,164,24,12,13
11/13/15,157,46,52,24,5,14
11/14/15,226,68,34,33,15,19
11/15/15,158,66,18,28,14,23
11/16/15,154,48,24,20,5,19
11/17/15,158,48,22,20,23,20
11/18/15,149,40,24,19,6,24
11/19/15,225,53,97,20,10,23
11/20/15,146,68,118,25,16,24
11/21/15,152,78,13,25,15,24
11/22/15,159,64,14,20,17,24
11/23/15,151,24,12,16,15,19
11/24/15,117,72,36,14,13,19
11/25/15,103,57,58,22,16,18
11/26/15,155,63,56,29,19,14
11/27/15,215,79,33,35,24,17
11/28/15,151,108,18,39,23,22
11/29/15,178,87,24,32,15,16
11/30/15,179,104,18,31,17,19
12/1/15,185,85,65,30,19,19
12/2/15,164,124,36,31,16,17
12/3/15,159,124,50,34,19,22
12/4/15,159,74,47,28,24,16
12/5/15,124,83,21,32,22,16
12/6/15,158,74,23,33,19,17
12/7/15,167,91,30,35,23,20
12/8/15,169,92,14,36,21,19
12/9/15,174,82,32,30,19,16
12/10/15,168,116,41,28,15,17
12/11/15,229,156,52,26,18,21
12/12/15,326,179,21,30,18,32
12/13/15,351,82,36,24,13,15
12/14/15,192,102,48,31,16,17
12/15/15,196,67,51,27,15,13
12/16/15,152,60,52,20,12,12
12/17/15,112,89,55,34,19,18
12/18/15,149,104,49,38,24,20
12/19/15,177,144,43,43,37,24
12/20/15,203,77,46,33,20,18
12/21/15,189,68,34,25,19,14
12/22/15,174,79,43,23,14,18
12/23/15,192,110,49,25,13,18
12/24/15,244,144,33,30,13,16
12/25/15,243,237,46,49,34,26
12/26/15,388,144,29,58,28,19
12/27/15,227,132,12,42,13,21
12/28/15,227,89,12,20,8,13
12/29/15,183,114,16,36,13,14
12/30/15,199,141,55,52,23,21
12/31/15,238,119,49,44,26,17
1/1/16,205, , , , , 
1/4/16, ,182,17,32,12,24
1/5/16,330,66,67,21,10,21
1/6/16,202,78,35,19,13,14
1/7/16,181,83,59,21,12,12
1/8/16,194,126,54,34,23,26
1/9/16,231,110,33,30,18,23
1/10/16,222,80,43,26,12,18
1/11/16,195,104,27,23,11,20
1/12/16,278,52,28,17,9,12
1/13/16,179,82,60,54,27,19
1/14/16,202,124,49,40,22,15
1/15/16,215,163,72,41,24,33
1/16/16,214,167,52,46,21,22
1/17/16,221,114,74,27,16,16
1/18/16,231,158,48,26,22,21
1/19/16,294,130,34,35,20,18
1/20/16,233,94,51,30,22,13
1/21/16,201,57,49,21,15,11
1/22/16,174,47,45,18,9,8
1/23/16,162,66,63,15,18,13
1/24/16,170,95,63,14,10,10
1/25/16,107,98,62,28,13,10
1/26/16,138,113,45,43,30,13
1/27/16,168,95,70,37,29,13
1/28/16,173,76,36,29,17,12
1/29/16,178,64,59,21,14,12
1/30/16,182,59,54,21,8,12
1/31/16,172,67,41,17,11,14
2/1/16,187,79,80,19,13,16
2/2/16,189,97,73,31,18,18
2/3/16,192,98,58,44,16,19
2/4/16,184,104,69,50,21,19
2/5/16,180,82,86,32,15,13
2/6/16,182,71,74,17,17,9
2/7/16,122,86,79,26,12,12
2/8/16,152,204,75,44,26,21
2/9/16,287,106,72,42,33,23
2/10/16,196,80,50,36,26,15
2/11/16,162,74,50,31,22,16
2/12/16,160,72,55,23,15,16
2/13/16,170,51,62,13,11,14
2/14/16,147,45,64,12,14,10
2/15/16,130,46,73,18,14,8
2/16/16,108,65,75,31,17,11
2/17/16,136,88,67,50,22,19
2/18/16,173,87,56,51,16,16
2/19/16,167,115,57,38,25,17
2/20/16,171,150,77,29,18,11
2/21/16,155,141,63,30,20,15
2/22/16,164,82,70,23,16,18
2/23/16,161,140,65,22,11,17
2/24/16,225,162,72,35,17,27
2/25/16,262,129,59,43,20,18
2/26/16,213,96,59,28,13,15
2/27/16,165,85,69,31,11,14
2/28/16,148,120,78,33,22,17
2/29/16,177,96,84,37,24,21
3/1/16,256,102,83,34,25,12
3/2/16,173,125,54,56,33,26
3/3/16,179,180,43,71,36,21
3/4/16,220,108,61,36,14,16
3/5/16,184,238,69,30,20,12
3/6/16,192,166,88,37,22,15
3/7/16,220,146,54,39,25,18
3/8/16,229,34,57,13,11,12
3/9/16,135,34,45,12,9,9
3/10/16,83,48,73,18,10,9
3/11/16,116,71,71,36,14,11
3/12/16,157,89,68,38,32,12
3/13/16,160,91,67,34,15,12
3/14/16,168,100,91,36,19,16
3/15/16,190,117,58,49,20,12
3/16/16,190,135,56,59,17,16
3/17/16,190,157,9,67,18,17
3/18/16,208,122,59,42,11,12
3/19/16,213,140,76,50,17,18
3/20/16,199,93,42,34,12,18
3/21/16,179,95,62,33,13,13
3/22/16,165,120,81,53,19,15
3/23/16,172,85,54,18,7,7
3/24/16,169,64,55,18,7,8
3/25/16,119,75,45,31,14,8
3/26/16,115,83,53,39,12,9
3/27/16,156,80,60,41,8,9
3/28/16,156,90,63,42,10,9
3/29/16,146,98,24,51,14,8
3/30/16,158,73,18,32,6,11
3/31/16,172,64,56,30,6,9
4/1/16,159,83,57,35,15,11
4/2/16,162,93,22,38,11,15
4/3/16,169,52,29,17,2,10
4/4/16,139,66,38,25,6,13
4/5/16,140,68,16,27,11,18
4/6/16,155,19,13,20,1,10
4/7/16,77,52,42,29,6,15
4/8/16,116,102,48,59,7,20
4/9/16,171,112,32,62,9,19
4/10/16,168,115,75,62,10,20
4/11/16,174,104,92,50,11,16
4/12/16,156,86,63,42,10,12
4/13/16,167,120,99,60,7,13
4/14/16,193,113,77,46,11,11
4/15/16,165,61,68,26,9,8
4/16/16,111,43,40,20,3,8
4/17/16,99,60,30,29,7,12
4/18/16,112,67,52,32,4,7
4/19/16,123,75,52,30,8,10
4/20/16,133,45,34,21,7,10
4/21/16,126,62,71,29,3,15
4/22/16,139,89,39,40,5,11
4/23/16,149,48,41,25,2,9
4/24/16,96,52,43,24,5,11
4/25/16,99,65,52,32,7,11
4/26/16,130,63,36,30,4,11
4/27/16,141,79,73,22,3,12
4/28/16,160,71,85,37,11,15
4/29/16,121,88,88,45,8,9
4/30/16,144,89,86,43,7,8
5/1/16,140,87,59,33,5,9
5/2/16,130,71,28,22,2,8
5/3/16,129,89,66,34,5,8
5/4/16,116,113,56,46,12,11
5/5/16,141,53,39,19,2,9
5/6/16,112,84,52,30,5,14
5/7/16,156,101,48,21,4,10
5/8/16,156,79,31,15,1,8
5/9/16,131,59,26,29,2,10
5/10/16,129,65,49,25,3,9
5/11/16,147,86,80,30,12,12
5/12/16,158,108,96,24,16,12
5/13/16,164,90,61,18,10,9
5/14/16,112,99,49,36,9,17
5/15/16,178,50,37,16,3,7
5/16/16,104,90,84,36,7,8
5/17/16,143,94,81,40,13,9
5/18/16,147,103,78,43,13,10
5/19/16,163,118,65,43,14,13
5/20/16,189,56,51,22,4,14
5/21/16,163,25,37,15,3,7
5/22/16,89,39,40,18,3,6
5/23/16,95,72,39,36,3,9
5/24/16,153,80,79,41,3,8
5/25/16,167,86,58,40,3,10
5/26/16,162,49,43,25,1,8
5/27/16,140,49,37,25,2,9
5/28/16,138,33,60,17,2,8
5/29/16,80,57,84,34,2,13
5/30/16,111,83,84,43,12,14
5/31/16,144,84,42,38,8,12
6/1/16,144,42,32,19,6,10
6/2/16,91,32,63,21,10,20
6/3/16,80,53,54,21,6,11
6/4/16,105,76,91,40,4,9
6/5/16,149,91,92,43,12,12
6/6/16,148,66,101,40,14,14
6/7/16,106,71,46,29,2,14
6/8/16,124,76,76,32,3,9
6/9/16,144,80,86,34,6,11
6/10/16,140,100,99,52,6,11
6/11/16,157,84,49,37,3,13
6/12/16,156,60,68,42,2,12
6/13/16,114,84,85,36,2,8
6/14/16,142,83,81,39,4,7
6/15/16,126,89,43,38,4,9
6/16/16,119,78,98,31,5,7
6/17/16,100,75,96,32,5,6
6/18/16,97,75,43,23,5,6
6/19/16,116,40,43,18,3,6
6/20/16,81,46,28,24,2,10
6/21/16,75,60,42,29,3,8
6/22/16,98,58,47,27,5,5
6/23/16,86,69,52,27,6,6
6/24/16,78,33,35,17,6,7
6/25/16,55,26,43,22,3,9
6/26/16,64,53,35,31,4,9
6/27/16,121,39,23,29,3,8
6/28/16,86,45,29,31,3,7
6/29/16,102,57,48,32,4,10
6/30/16,103,61,33,25,3,9
7/1/16,88,30,26,18,3,6
7/2/16,61,22,20,20,3,7
7/3/16,50,34,38,22,2,6
7/4/16,59,24,36,17,2,8
7/5/16,51,32,28,21,2,7
7/6/16,62,34,20,18,2,11
7/7/16,58,50,94,25,2,8
7/8/16,93,68,100,30,3,10
7/9/16,122,62,85,21,7,9
7/10/16,94,59,61,22,4,9
7/11/16,98,62,56,25,3,10
7/12/16,109,82,123,38,3,9
7/13/16,130,73,59,33,3,11
7/14/16,114,62,71,23,3,10
7/15/16,124,28,30,17,2,7
7/16/16,64,58,114,30,4,12
7/17/16,99,72,49,25,5,10
7/18/16,116,56,55,16,4,7
7/19/16,89,52,22,17,2,8
7/20/16,88,46,29,15,1,6
7/21/16,73,46,40,17,2,6
7/22/16,73,53,51,20,2,5
7/23/16,71,58,59,25,2,5
7/24/16,81,67,53,26,2,5
7/25/16,76,81,73,31,2,7
7/26/16,96,89,79,57,2,7
7/27/16,134,85,96,35,3,10
7/28/16,121,80,97,28,4,6
7/29/16,130,71,83,25,4,5
7/30/16,98,74,75,29,8,5
7/31/16,89,127,118,36,8,15
8/1/16,131,87,120,30,7,13
8/2/16,121,65,70,26,8,15
8/3/16,95,58,45,23,4,19
8/4/16,92,51,33,23,2,10
8/5/16,76,64,61,23,3,9
8/6/16,107,61,38,30,2,8
8/7/16,99,61,52,28,4,13
8/8/16,109,54,38,20,3,12
8/9/16,93,60,58,19,3,9
8/10/16,112,61,56,23,4,9
8/11/16,101,69,85,23,4,12
8/12/16,106,76,93,22,4,10
8/13/16,105,70,74,24,4,8
8/14/16,101,65,83,23,4,10
8/15/16,97,71,91,24,6,14
8/16/16,104,84,88,26,12,17
8/17/16,151,91,120,21,6,17
8/18/16,157,87,113,27,9,12
8/19/16,147,85,80,38,7,9
8/20/16,132,93,74,25,4,13
8/21/16,150,63,64,9,2,10
8/22/16,135,76,84,18,3,11
8/23/16,151,82,101,30,4,14
8/24/16,153,105,114,39,5,15
8/25/16,160,91,97,35,6,15
8/26/16,154,26,31,11,2,7
8/27/16,58,54,77,17,6,6
8/28/16,86,61,84,30,9,8
8/29/16,93,81,121,43,22,20
8/30/16,113,90,102,29,12,10
8/31/16,142,88,81,27,7,8
9/1/16,136,92,74,26,8,9
9/2/16,154,102,153,43,8,13
9/3/16,146,116,111,54,12,15
9/4/16,161,104,90,49,17,15
9/5/16,151,101,110,50,14,14
9/6/16,143,77,51,31,8,8
9/7/16,109,90,93,46,15,7
9/8/16,151,114,112,46,8,11
9/9/16,157,106,74,39,9,11
9/10/16,164,78,84,27,6,10
9/11/16,139,100,119,32,7,9
9/12/16,149,88,105,28,13,11
9/13/16,151,82,95,32,15,12
9/14/16,141,88,123,38,15,22
9/15/16,141,57,75,16,5,9
9/16/16,95,36,32,10,3,7
9/17/16,59,40,58,14,4,7
9/18/16,60,64,89,23,9,13
9/19/16,101,77,75,23,9,14
9/20/16,128,75,92,15,7,9
9/21/16,114,82,107,31,10,14
9/22/16,128,150,122,50,13,19
9/23/16,166,113,119,54,13,16
9/24/16,164,131,116,52,12,15
9/25/16,167,120,89,45,15,21
9/26/16,174,114,125,31,10,20
9/27/16,178,61,60,14,5,12
9/28/16,124,65,31,9,4,8
9/29/16,84,39,55,13,4,13
9/30/16,92,36,26,21,6,7
10/1/16,93,48,15,29,5,10
10/2/16,134,53,17,25,5,9
10/3/16,132,91,39,38,7,18
10/4/16,169,82,59,41,10,18
10/5/16,161,79,54,36,8,13
10/6/16,144,93,59,38,8,16
10/7/16,160,84,46,25,7,15
10/8/16,156,69,55,16,5,8
10/9/16,142,66,64,22,12,16
10/10/16,123,60,43,22,11,12
10/11/16,93,68,22,23,8,10
10/12/16,126,43,21,26,5,12
10/13/16,114,50,20,24,5,8
10/14/16,128,58,19,30,4,11
10/15/16,134,78,25,32,6,12
10/16/16,149,52,26,24,5,9
10/17/16,116,73,37,40,8,14
10/18/16,144,76,50,37,8,13
10/19/16,133,98,20,37,6,18
10/20/16,178,69,7,28,4,19
10/21/16,157,31,26,19,3,13
10/22/16,76,19,14,17,3,12
10/23/16,60,24,12,16,3,12
10/24/16,70,30,6,15,3,11
10/25/16,73,26,16,21,3,12
10/26/16,73,19,6,18,3,12
10/27/16,65,37,5,19,3,15
10/28/16,95,24,25,15,3,10
10/29/16,76,20,23,17,3,9
10/30/16,74,44,20,24,4,11
10/31/16,111,32,15,21,5,10
11/1/16,95,40,16,18,4,9
11/2/16,107,52,27,23,4,9
11/3/16,119,82,30,31,5,13
11/4/16,160,94,38,39,6,21
11/5/16,164,99,35,43,14,20
11/6/16,169,105,38,40,12,20
11/7/16,176,71,37,18,4,14
11/8/16,158,50,29,15,4,9
11/9/16,142,52,27,23,5,9
11/10/16,139,57,30,28,5,9
11/11/16,148,79,27,34,11,11
11/12/16,155,92,30,39,10,14
11/13/16,155,116,21,42,13,22
11/14/16,173,142,27,53,13,24
11/15/16,184,125,29,40,8,17
11/16/16,214,87,25,32,8,17
11/17/16,180,47,8,23,5,13
11/18/16,129,55,2,24,5,16
11/19/16,124,70,13,28,5,16
11/20/16,155,78,24,28,6,18
11/21/16,165,57,5,27,4,19
11/22/16,135,15,19,14,3,8
11/23/16,56,21,22,14,3,8
11/24/16,85,68,22,31,10,16
11/25/16,144,67,15,33,8,10
11/26/16,132,69,24,28,7,8
11/27/16,152,193,17,64,11,27
11/28/16,205,130,37,51,9,23
11/29/16,177,110,22,38,10,15
11/30/16,180,98,28,32,6,11
12/1/16,179,134,13,53,9,21
12/2/16,203,136,38,54,9,21
12/3/16,202,137,27,56,13,17
12/4/16,197,101,29,33,8,14
12/5/16,192,127,39,38,13,17
12/6/16,192,100,32,34,10,17
12/7/16,176,133,27,65,9,20
12/8/16,202,140,38,68,10,19
12/9/16,210,118,46,50,19,22
12/10/16,206,70,30,25,7,12
12/11/16,163,82,19,33,8,16
12/12/16,168,83,7,31,6,13
12/13/16,178,81,11,22,4,13
12/14/16,191,54,21,18,4,12
12/15/16,151,81,28,35,10,17
12/16/16,173,100,40,42,12,14
12/17/16,189,90,21,44,18,14
12/18/16,177,95,29,48,18,15
12/19/16,175,93,10,45,10,16
12/20/16,176,87,8,28,5,16
12/21/16,206,45,21,27,3,19
12/22/16,146,80,35,40,6,18
12/23/16,167,111,20,44,7,23
12/24/16,178,78,13,36,9,19
12/25/16,165,42,4,23,3,13
12/26/16,140,42,9,23,5,12
12/27/16,209,65,32,26,10,14
12/28/16,164,89,25,35,16,19
12/29/16,177,86,27,36,14,15
12/30/16,289,107,23,38,12,20
12/31/16,195,123,26,53,17,27
1/1/17,194, , , , , 
1/2/17, ,119,30,47,9,14
1/3/17,197,141,27,57,14,22
1/4/17,230,162,9,52,10,26
1/5/17,273,33,13,24,3,17
1/6/17,107,18,21,21,2,8
1/7/17,76,34,14,21,3,10
1/8/17,108,68,26,28,6,13
1/9/17,155,94,29,39,14,21
1/10/17,186,72,32,30,7,14
1/11/17,173,82,18,29,8,16
1/12/17,186,77,27,33,6,15
1/13/17,180,95,16,45,6,19
1/14/17,181,83,30,37,17,23
1/15/17,163,65,22,30,10,13
1/16/17,138,79,32,37,11,18
1/17/17,198,81,24,35,8,11
1/18/17,161,80,15,32,7,12
1/19/17,174,94,40,24,7,10
1/20/17,187,107,37,28,9,10
1/21/17,154,98,32,41,12,17
1/22/17,160,135,35,52,11,20
1/23/17,205,106,36,46,15,16
1/24/17,183,80,38,39,15,14
1/25/17,165,75,36,32,7,14
1/26/17,170,69,41,34,7,13
1/27/17,167,161,32,29,10,16
1/28/17,207,131,31,27,14,20
1/29/17,222,100,25,12,7,16
1/30/17,193,89,33,11,7,17
1/31/17,188,67,25,19,9,19
2/1/17,163,48,22,12,3,13
2/2/17,157,54,21,20,3,15
2/3/17,160,52,14,21,3,16
2/4/17,160,47,13,19,5,16
2/5/17,148,63,19,24,5,17
2/6/17,161,84,28,30,7,19
2/7/17,174,50,28,22,6,13
2/8/17,149,39,33,14,3,9
2/9/17,132,71,37,23,7,13
2/10/17,173,73,42,36,11,15
2/11/17,161,79,37,40,15,16
2/12/17,157,102,47,50,10,17
2/13/17,176,95,44,55,19,19
2/14/17,171,87,44,47,12,16
2/15/17,155,123,42,67,17,20
2/16/17,176,115,63,51,14,15
2/17/17,174,158,24,22,8,16
2/18/17,262,99,21,36,11,18
2/19/17,185,130,32,41,9,18
2/20/17,208,119,25,28,9,18
2/21/17,197,48,19,23,8,18
2/22/17,100,50,25,21,5,12
2/23/17,156,66,33,34,11,13
2/24/17,162,76,41,41,9,11
2/25/17,158,81,48,47,11,12
2/26/17,162,98,53,55,10,13
2/27/17,164,113,52,58,20,16
2/28/17,168,100,50,54,17,16
3/1/17,168,109,44,35,8,12
3/2/17,140,91,38,34,13,12
3/3/17,112,86,39,43,21,12
3/4/17,146,98,19,49,13,17
3/5/17,167,64,32,34,6,12
3/6/17,158,157,56,42,9,21
3/7/17,297,125,61,49,10,19
3/8/17,237,96,56,47,13,13
3/9/17,173,117,61,58,19,15
3/10/17,176,77,39,39,11,12
3/11/17,156,105,26,48,11,16
3/12/17,173,67,48,33,6,16
3/13/17,161,28,42,15,4,10
3/14/17,110,63,42,26,9,14
3/15/17,121,65,30,37,10,12
3/16/17,259,72,36,39,8,15
3/17/17,164,75,25,48,7,13
3/18/17,171,74,31,40,5,14
3/19/17,178,69,19,34,5,14
3/20/17,175,45,38,22,3,9
3/21/17,131,59,31,32,5,13
3/22/17,153,45,30,35,3,12
3/23/17,126,52,25,29,5,16
3/24/17,142,37,21,22,2,8
3/25/17,121,74,36,33,5,9
3/26/17,144,106,49,43,7,10
3/27/17,124,118,60,52,9,11
3/28/17,139,99,45,42,10,11
3/29/17,142,101,41,34,12,17
3/30/17,170,73,37,25,7,20
3/31/17,166,51,53,20,5,10
4/1/17,138,79,62,42,7,21
4/2/17,164,84,79,48,10,12
4/3/17,156,94,43,46,21,14
4/4/17,160,92,28,46,17,14
4/5/17,161,83,21,38,6,17
4/6/17,171,50,25,25,4,14
4/7/17,131,75,40,32,4,18
4/8/17,156,67,51,32,6,20
4/9/17,147,13,44,13,3,13
4/10/17,64,17,35,15,2,10
4/11/17,58,54,50,23,5,13
4/12/17,144,80,55,41,6,16
4/13/17,157,94,62,48,5,16
4/14/17,158,89,60,43,7,13
4/15/17,145,99,68,47,10,15
4/16/17,155,92,28,37,6,18
4/17/17,161,58,39,20,4,10
4/18/17,90,95,45,36,6,13
4/19/17,113,125,28,41,7,18
4/20/17,156,73,33,23,4,11
4/21/17,117,89,28,28,6,10
4/22/17,122,98,59,36,7,10
4/23/17,126,116,67,45,6,10
4/24/17,135,97,72,45,11,11
4/25/17,144,86,41,37,7,11
4/26/17,144,67,52,16,4,10
4/27/17,152,66,82,24,6,8
4/28/17,128,92,86,48,7,9
4/29/17,142,87,73,53,7,9
4/30/17,127,98,87,50,10,10
5/1/17,145,92,38,48,8,15
5/2/17,159,75,70,37,7,14
5/3/17,144,53,39,18,5,11
5/4/17,142,34,45,16,4,9
5/5/17,77,83,65,31,5,10
5/6/17,118,582,46,28,10,13
5/7/17,234,254,21,39,6,18
5/8/17,187,58,43,21,4,10
5/9/17,119,73,48,32,4,10
5/10/17,113,100,75,46,6,13
5/11/17,141,105,36,49,8,34
5/12/17,151,55,69,23,3,8
5/13/17,93,86,80,40,4,13
5/14/17,110,150,98,42,9,16
5/15/17,162,76,51,25,4,13
5/16/17,138,77,64,21,3,9
5/17/17,141,90,101,40,5,10
5/18/17,148,112,102,46,8,13
5/19/17,160,102,48,35,8,13
5/20/17,167,105,104,37,7,14
5/21/17,171,98,86,38,5,13
5/22/17,157,57,57,24,2,11
5/23/17,128,30,31,15,2,10
5/24/17,74,50,68,14,3,9
5/25/17,99,74,89,42,8,14
5/26/17,122,89,106,46,6,13
5/27/17,178,104,113,46,7,12
5/28/17,139,137,103,47,6,14
5/29/17,137,107,98,44,9,13
5/30/17,141,109,82,65,6,13
5/31/17,155,95,64,44,4,12
6/1/17,157,68,52,29,3,11
6/2/17,116,86,103,38,3,18
6/3/17,161,97,101,32,3,13
6/4/17,158,84,69,17,4,12
6/5/17,145,45,46,18,2,11
6/6/17,113,26,60,12,2,8
6/7/17,75,56,108,38,3,11
6/8/17,104,74,87,33,6,13
6/9/17,135,56,20,27,4,16
6/10/17,112,45,35,18,2,15
6/11/17,108,46,32,24,2,14
6/12/17,91,45,21,32,2,14
6/13/17,100,38,28,23,1,15
6/14/17,96,60,41,29,3,14
6/15/17,112,65,37,32,2,11
6/16/17,146,72,92,31,6,14
6/17/17,136,70,97,40,3,10
6/18/17,140,66,66,27,5,10
6/19/17,127,66,52,31,5,10
6/20/17,115,78,93,40,4,12
6/21/17,152,84,29,41,3,10
6/22/17,158, , , , , 
6/24/17, ,73,37,39,5,24
6/25/17,126,74,57,37,2,11
6/26/17,135,63,43,34,2,10
6/27/17,130,48,76,18,2,9
6/28/17,95,54,69,22,2,10
6/29/17,97,60,72,21,4,10
6/30/17,104,28,30,18,2,8
7/1/17,72,20,21,15,2,8
7/2/17,52,32,35,16,2,8
7/3/17,72,61,80,19,3,12
7/4/17,124,51,42,18,3,10
7/5/17,91,48,34,18,2,9
7/6/17,79,49,39,20,4,12
7/7/17,74,47,36,23,2,7
7/8/17,66,48,30,18,2,8
7/9/17,76,38,17,17,2,7
7/10/17,70,31,45,21,2,7
7/11/17,63,36,36,15,2,7
7/12/17,60,35,25,11,2,6
7/13/17,47,49,40,18,3,7
7/14/17,79,47,40,21,2,8
7/15/17,76,73,16,29,3,8
7/16/17,90, , , , , 
7/18/17, ,53,42,23,3,7
7/19/17,96,49,24,16,3,6
7/20/17,67,43,37,9,2,5
7/21/17,64,49,40,16,3,5
7/22/17,63,77,38,29,3,6
7/23/17,95, , , , , 
7/25/17, ,85,110,42,5,12
7/26/17,142,87,89,37,3,9
7/27/17,131,93,99,31,4,9
7/28/17,151,96,78,31,4,14
7/29/17,156, , , , , 
7/31/17, ,42,24,9,2,8
8/1/17,71,24,27,14,2,10
8/2/17,65,22,26,18,2,10
8/3/17,64,94,82,37,3,10
8/4/17,107,70,45,35,3,12
8/5/17,125,83,76,36,3,13
8/6/17,135,69,25,29,2,9
8/7/17,109, , , , , 
8/10/17, ,51,75,20,3,7
8/11/17,84,71,47,24,6,11
8/12/17,116,31,22,15,3,7
8/13/17,67,30,33,20,3,10
8/14/17,96,54,44,22,3,10
8/15/17,103,66,84,29,4,14
8/16/17,145,71,77,34,3,12
8/17/17,144,45,37,16,4,9
8/18/17,75,61,5,22,10,17
8/19/17,97, , , , , 
8/21/17, ,69,39,16,7,16
8/22/17,128,61,63,22,6,13
8/23/17,106,67,69,23,13,12
8/24/17,117,61,75,22,11,12
8/25/17,97,51,46,26,6,19
8/26/17,88, , , , , 
8/28/17, ,54,55,14,6,10
8/29/17,78,53,37,10,3,12
8/30/17,108, , , , , 
8/31/17, ,48,25,17,5,8
9/1/17,73,41,21,19,5,10
9/2/17,72, , , , , 
9/15/17, ,63,78,26,7,7
9/16/17,94,75,48,32,11,17
9/17/17,108, , , , , 
9/18/17, ,102,100,50,15,14
9/19/17,158,57,37,27,5,12
9/20/17,143,46,29,21,5,14
9/21/17,97,78, ,36, , 
9/25/17, ,72,30,29,3,13
9/26/17,141,55,22,22,5,16
9/27/17,104,31,29,14,3,14
9/28/17,69,32,39,15,2,11
9/29/17,72,45,31,28,6,13
9/30/17,97,55,21,28,6,15
10/1/17,108,69,50,25,5,13
10/2/17,130,23,22,12,3,11
10/3/17,151,16,26,14,3,10
10/4/17,53,13,20,10,3,8
10/5/17,52,17,12,15,2,11
10/6/17,49, , , , , 
11/2/17, ,118,60,63,12,17
11/3/17,173,116,3,71,8,19
11/4/17,189, , , , , 
1/16/18, ,87,17,36,6,13
1/17/18,201,85,27,30,9,12
1/18/18,193,90,20,31,4,13
1/19/18,210,88,11,29,4,15
1/20/18,226,117,4,37,8,26
1/21/18,255,91,6,40,6,24
1/22/18,217,75,24,34,8,17
1/23/18,178,78,14,21,4,16
1/24/18,192,35,13,15,3,11
1/25/18,148,25,21,14,2,6
1/26/18,117,32,24,14,5,7
1/27/18,122,39,32,11,2,7
1/28/18,145,46,35,10,3,6
1/29/18,153,64,39,25,5,9
1/30/18,169,70,43,45,12,15
1/31/18,166,67,39,32,7,9
2/1/18,161,110,26,50,17,19
2/2/18,175,90,30,34,8,9
2/3/18,152,69,30,20,6,7
2/4/18,96,67,29,29,11,9
2/5/18,122,86,33,38,8,10
2/6/18,149,101,38,49,11,14
2/7/18,166,111,23,54,15,15
2/8/18,179,97,44,47,11,13
2/9/18,175,108,26,60,20,20
2/10/18,179,107,38,32,9,13
2/11/18,205,124,45,48,11,13
2/12/18,194,83,38,33,13,15
2/13/18,110,92,46,37,12,11
2/14/18,157,107,26,49,15,20
2/15/18,174,83,25,18,5,10
2/16/18,176,86,31,16,5,11
2/17/18,180,70,40,15,8,16
2/18/18,172,67,30,13,3,11
2/19/18,173,33,21,13,3,8
2/20/18,122,16,18,14,2,9
2/21/18,82,53,27,13,2,10
2/22/18,150,70,39,21,3,13
2/23/18,171,61,48,24,6,13
2/24/18,152,79,28,25,11,14
2/25/18,131,89,30,24,4,11
2/26/18,170,73,47,32,8,13
2/27/18,169,41,17,31,8,13
2/28/18,120,42,42,20,2,10
3/1/18,122,62,25,28,6,15
3/2/18,157,56,25,25,6,16
3/3/18,159,67,25,30,5,17
3/4/18,167,47,12,22,7,16
3/5/18,127,34,30,14,3,10
3/6/18,96,43,26,23,5,10
3/7/18,117,24,24,17,2,6
3/8/18,99,42,31,25,3,7
3/9/18,129,77,46,31,6,9
3/10/18,164,75,46,34,11,12
3/11/18,146,83,36,45,14,12
3/12/18,139,107,52,54,9,14
3/13/18,149,101,45,56,12,15
3/14/18,165,61,37,27,7,12
3/15/18,152,65,41,25,7,12
3/16/18,145,55,26,15,3,8
3/17/18,139,53,21,22,8,13
3/18/18,167,25,19,16,1,8
3/19/18,95,35,18,16,1,9
3/20/18,146,40,40,17,1,8
3/21/18,127,67,33,34,4,8
3/22/18,130,97,33,47,4,12
3/23/18,160,91,51,45,10,14
3/24/18,154,92,36,37,13,11
3/25/18,151,76,42,34,9,13
3/26/18,143,85,59,37,4,14
3/27/18,150,84,59,45,4,9
3/28/18,140,95,69,48,9,14
3/29/18,153,101,39,57,15,17
3/30/18,157,104,83,36,8,18
3/31/18,175,106,71,46,6,13
4/1/18,227,136,68,67,8,19
4/2/18,189,97,65,44,6,14
4/3/18,165,86,71,35,8,13
4/4/18,156,136,23,17,9,8
4/5/18,145,34,23,13,1,8
4/6/18,101,92,40,15,3,7
4/7/18,108,94,43,23,7,11
4/8/18,94,101,55,31,4,7
4/9/18,133,102,65,38,9,10
4/10/18,139,113,86,42,7,10
4/11/18,158,129,65,54,8,19
4/12/18,166,77,28,30,9,14
4/13/18,163,36,25,16,1,7
4/14/18,108,48,33,16,2,6
4/15/18,100,328,42,31,3,7
4/16/18,162,279,54,40,6,9
4/17/18,167,149,68,37,7,9
4/18/18,158,120,77,36,11,11
4/19/18,159,97,79,34,13,11
4/20/18,150,94,71,28,14,11
4/21/18,211,59,40,21,4,10
4/22/18,134,58,18,21,9,13
4/23/18,130,24,42,10,2,9
4/24/18,79,53,41,14,3,9
4/25/18,142,64,55,25,5,14
4/26/18,146,67,53,28,5,11
4/27/18,152,73,83,45,5,13
4/28/18,161,75,78,45,6,15
4/29/18,156,71,42,40,4,14
4/30/18,149,62,57,27,4,14
5/1/18,129,53,54,31,4,12
5/2/18,113,81,70,18,2,11
5/3/18,152,82,74,36,12,17
5/4/18,123,80,57,40,10,10
5/5/18,134,55,36,22,3,9
5/6/18,126,32,33,17,2,8
5/7/18,69,26,51,12,2,7
5/8/18,67,46,45,22,4,9
5/9/18,88,75,98,35,9,12
5/10/18,130,65,67,26,13,11
5/11/18,135,68,35,31,7,14
5/12/18,166,55,60,20,4,11
5/13/18,141,64,81,33,4,9
5/14/18,143,72,48,31,6,10
5/15/18,130,60,43,17,3,7
5/16/18,100,62,55,17,3,7
5/17/18,88,65,71,27,3,11
5/18/18,103,63,37,32,5,14
5/19/18,115,48,68,23,6,13
5/20/18,101,64,34,22,5,19
5/21/18,102,43,20,18,5,14
5/22/18,83,56,31,13,2,9
5/23/18,95,113,64,17,4,10
5/24/18,155,79,56,27,4,12
5/25/18,142,66,55,23,5,12
5/26/18,130,26,43,13,2,12
5/27/18,66,183,61,15,3,8
5/28/18,165,113,41,39,5,7
5/29/18,146,145,58,49,11,12
5/30/18,158,83,36,35,6,13
5/31/18,146,50,46,28,3,10
6/1/18,103,73,85,35,5,15
6/2/18,144,52,85,40,4,9
6/3/18,108,62,114,37,3,9
6/4/18,133,78,69,41,4,9
6/5/18,145,73,55,36,4,10
6/6/18,158,72,109,42,4,11
6/7/18,152,61,105,35,9,13
6/8/18,117,48,36,22,5,10
6/9/18,94,48,62,15,3,9
6/10/18,95,52,106,20,2,10
6/11/18,103,66,102,45,5,9
6/12/18,117,94,99,47,6,10
6/13/18,129,54,75,19,5,8
6/14/18,110,59,109,30,10,12
6/15/18,115,81,126,38,12,12
6/16/18,136,68,141,27,8,10
6/17/18,144,70,82,20,10,10
6/18/18,152, , , , , 
6/19/18, ,46,31,17,2,9
6/20/18,107,33,36,18,2,8
6/21/18,81,57,93,23,5,10
6/22/18,122,42,43,22,4,15
6/23/18,97,48,107,24,5,12
6/24/18,102,49,72,20,4,11
6/25/18,114,40,57,17,3,9
6/26/18,76,46,46,19,3,6
6/27/18,68,49,46,15,3,6
6/28/18,67,47,40,20,4,12
6/29/18,82,56,70,27,4,10
6/30/18,119,47,26,30,4,10
7/1/18,99,46,63,20,4,11
7/2/18,95,50,42,32,3,11
7/3/18,110,59,35,33,2,14
7/4/18,132,47,49,25,2,10
7/5/18,104,27,28,17,2,9
7/6/18,73,32,27,12,2,8
7/7/18,85,17,20,9,2,6
7/8/18,48,31,26,17,3,9
7/9/18,80,29,31,23,2,9
7/10/18,72,59,85,35,4,13
7/11/18,126,51,51,18,7,13
7/12/18,113,47,57,16,5,11
7/13/18,84,36,56,19,3,7
7/14/18,74,51,50,29,3,9
7/15/18,98,54,60,22,5,10
7/16/18,99,62,70,22,8,11
7/17/18,116,59,120,20,16,12
7/18/18,119,58,73,17,6,7
7/19/18,104,53,61,19,7,7
7/20/18,98,58,101,29,10,9
7/21/18,105,69,94,36,7,8
7/22/18,115,54,70,20,8,11
7/23/18,112,45,46,24,9,12
7/24/18,85,66,99,35,4,8
7/25/18,124,52,50,26,4,6
7/26/18,84,51,58,25,4,7
7/27/18,92,54,51,23,7,12
7/28/18,89,44,63,17,7,11
7/29/18,87,49,90,20,10,12
7/30/18,93,57,108,27,6,11
7/31/18,96,49,71,27,8,11
8/1/18,93,55,104,28,9,14
8/2/18,149,59,101,25,6,12
8/3/18,119,41,59,25,5,17
8/4/18,90,43,56,24,5,12
8/5/18,89,47,90,31,4,10
8/6/18,99,53,109,28,4,13
8/7/18,117,53,119,33,5,13
8/8/18,121,58,95,32,4,11
8/9/18,123,57,122,30,6,13
8/10/18,124,66,111,30,5,11
8/11/18,134,62,127,33,6,13
8/12/18,142,66,108,25,6,12
8/13/18,137,35,46,13,5,11
8/14/18,85,31,27,13,6,13
8/15/18,63, , , , , 
8/16/18, ,34,40,8,2,7
8/17/18,77,32,33,9,2,8
8/18/18,87,36,39,14,3,8
8/19/18,91,28,48,17,3,8
8/20/18,80,22,40,16,3,7
8/21/18,63,31,73,16,6,9
8/22/18,70,43,39,20,8,19
8/23/18,94, , , , , 
8/24/18, ,52,88,19,10,16
8/25/18,99,49,93,19,10,17
8/26/18,106,44,45,15,6,10
8/27/18,104,34,41,11,3,7
8/28/18,87,35,70,14,6,11
8/29/18,88,47,55,19,6,16
8/30/18,103,37,62,20,6,16
8/31/18,90,39,41,20,6,11
9/1/18,87,28,38,23,4,15
9/2/18,78,38,52,24,3,10
9/3/18,96,52,67,27,3,11
9/4/18,104,65,121,41,9,18
9/5/18,116,76,116,41,10,13
9/6/18,145,56,53,19,4,12
9/7/18,131,46,38,17,4,8
9/8/18,89,35,69,19,4,7
9/9/18,78,56,86,34,15,20
9/10/18,111,58,58,32,8,12
9/11/18,125,57,87,33,9,15
9/12/18,128,74,81,41,10,15
9/13/18,150,75,58,34,7,13
9/14/18,151,50,91,23,9,17
9/15/18,104,45,65,13,5,10
9/16/18,110,61,58,10,4,10
9/17/18,143,41,47,11,4,11
9/18/18,100,39,44,23,5,13
9/19/18,85,56,42,23,4,10
9/20/18,90,40,42,13,4,13
9/21/18,83,30,43,17,4,11
9/22/18,88,59,46,35,6,10
9/23/18,110,101,95,49,13,20
9/24/18,158,74,89,40,10,16
9/25/18,142,59,67,23,10,14
9/26/18,145,36,40,20,6,11
9/27/18,99,42,51,21,8,12
9/28/18,95,47,72,23,5,9
9/29/18,112,62,70,37,6,13
9/30/18,140,98,80,45,8,13
10/1/18,144,51,58,20,6,8
10/2/18,80,56,65,33,11,13
10/3/18,105,60,92,42,14,16
10/4/18,125,63,100,33,12,14
10/5/18,128,60,95,29,13,17
10/6/18,129,85,106,55,12,15
10/7/18,163,95,113,56,13,14
10/8/18,164,94,89,44,11,12
10/9/18,169,73,54,27,10,10
10/10/18,167,68,82,27,17,13
10/11/18,119,62,73,32,21,10
10/12/18,112,64,76,30,16,10
10/13/18,127,73,55,37,14,15
10/14/18,154,55,40,26,5,14
10/15/18,134,48,26,23,5,11
10/16/18,142,56,23,26,5,13
10/17/18,138,61,65,29,7,12
10/18/18,140,69,68,36,15,21
10/19/18,159,61,39,35,14,16
10/20/18,116,48,27,30,6,13
10/21/18,126,48,20,25,3,10
10/22/18,145,49,36,25,4,10
10/23/18,134,74,59,48,6,31
10/24/18,166,91,62,45,8,20
10/25/18,175,71,26,36,5,14
10/26/18,157,60,47,28,6,11
10/27/18,134,59,41,32,9,10
10/28/18,97,78,57,39,8,8
10/29/18,140,77,46,42,7,10
10/30/18,143,104,37,65,13,21
10/31/18,158,90,59,58,13,18
11/1/18,158,82,76,39,12,12
11/2/18,151,65,66,32,14,12
11/3/18,144,63,52,30,11,11
11/4/18,147,80,34,37,9,13
11/5/18,145,70,38,21,5,13
11/6/18,156,12,10,14,3,10
11/7/18,44,14,15,14,2,9
11/8/18,67,30,26,17,4,10
11/9/18,111,54,26,31,7,13
11/10/18,133,44,16,31,9,15
11/11/18,114,38,40,19,4,6
11/12/18,118,64,37,31,4,10
11/13/18,168,65,32,30,8,18
11/14/18,157,52,18,26,6,16
11/15/18,148,50,22,20,4,9
11/16/18,154,46,26,16,3,7
11/17/18,134,41,12,18,3,8
11/18/18,136,26,15,18,4,8
11/19/18,107,60,21,34,7,16
11/20/18,160,55,22,34,6,13
11/21/18,143,63,35,26,5,12
11/22/18,161,82,44,40,11,20
11/23/18,175,79,38,41,6,12
11/24/18,161,80,38,46,10,15
11/25/18,170,116,33,59,7,22
11/26/18,226,114,48,59,6,24
11/27/18,202,100,59,58,10,24
11/28/18,187,132,42,58,10,22
11/29/18,187,110,40,51,10,21
11/30/18,195,151,26,40,20,37
12/1/18,291,126,16,35,10,28
12/2/18,236,100,4,29,6,22
12/3/18,194,53,18,23,3,21
12/4/18,157,87,16,18,3,15
12/5/18,156,63,6,18,5,13
12/6/18,125,15,17,13,5,9
12/7/18,66,49,21,13,3,10
12/8/18,127,38,21,15,5,7
12/9/18,80,48,15,21,7,10
12/10/18,119,50,10,20,4,9
12/11/18,151,64,13,22,5,11
12/12/18,173,99,32,34,12,19
12/13/18,202,106,26,53,11,18
12/14/18,189,79,38,40,11,14
12/15/18,168,81,18,37,7,12
12/16/18,181,98,32,33,7,13
12/17/18,205,101,24,52,11,19
12/18/18,192,112,22,55,15,23
12/19/18,177,81,12,41,18,21
12/20/18,165,53,16,33,8,15
12/21/18,141,60,27,28,9,11
12/22/18,161,57,10,23,4,12
12/23/18,163,97,39,24,6,15
12/24/18,205,86,32,30,11,18
12/25/18,177,64,9,26,4,13
12/26/18,169,57,17,23,3,12
12/27/18,161,25,16,17,4,9
12/28/18,91,82,20,14,4,9
12/29/18,127,48,24,16,5,7
12/30/18,112,35,20,18,3,8
12/31/18,102, , , , , 
1/1/19, ,42,23,28,3,9
1/2/19,131,56,13,37,3,12
1/3/19,158,61,15,31,7,15
1/4/19,165,72,16,28,4,14
1/5/19,182,99,20,27,4,14
1/6/19,224,116,16,34,7,20
1/7/19,248,84,19,29,5,16
1/8/19,190,70,18,24,3,15
1/9/19,172,38,11,26,3,18
1/10/19,120,30,11,23,3,12
1/11/19,116,52,8,26,3,13
1/12/19,163,81,22,34,8,20
1/13/19,188,92,18,44,7,26
1/14/19,190,73,11,30,6,20
1/15/19,174,88,21,26,4,19
1/16/19,199,77,19,27,6,15
1/17/19,121,123,11,44,7,25
1/18/19,187,108,11,45,6,22
1/19/19,194,89,11,36,5,16
1/20/19,179,105,30,28,7,18
1/21/19,216,113,23,42,11,18
1/22/19,219,103,35,45,8,15
1/23/19,188,95,42,53,9,17
1/24/19,191,93,47,52,9,17
1/25/19,174,120,34,45,8,17
1/26/19,204,115,21,31,9,17
1/27/19,221,78,20,35,12,13
1/28/19,167,92,15,30,5,12
1/29/19,205,73,14,24,5,14
1/30/19,177,49,7,20,3,15
1/31/19,142,42,26,15,3,14
2/1/19,134,64,41,22,4,13
2/2/19,169,58,21,24,6,14
2/3/19,156,77,30,18,4,10
2/4/19,165,99,24,29,6,18
2/5/19,189,96,36,22,6,14
2/6/19,193,69,23,22,6,15
2/7/19,165,88,20,9,2,12
2/8/19,189,23,24,8,3,7
2/9/19,78,32,20,8,2,7
2/10/19,117,46,20,10,3,9
2/11/19,153,60,25,19,3,10
2/12/19,165,45,14,17,3,12
2/13/19,131,49,13,16,3,11
2/14/19,149,29,14,15,3,11
2/15/19,110,41,11,17,3,12
2/16/19,137,57,17,15,3,9
2/17/19,158,68,26,16,4,8
2/18/19,165,41,18,19,3,8
2/19/19,139,56,19,21,4,10
2/20/19,160,68,17,22,4,9
2/21/19,168,65,21,20,3,10
2/22/19,173,49,35,21,4,8
2/23/19,140,54,12,31,4,9
2/24/19,142, , , , , 
2/25/19, ,91, ,52,10,18
2/26/19,180,99,26,36,10,16
2/27/19,195,44,27,17,3,8
2/28/19,126,43,21,24,3,9
3/1/19,122,40,16,24,3,10
3/2/19,101,44,63,19,3,9
3/3/19,148,66,46,24,4,7
3/4/19,157,79,39,32,8,12
3/5/19,156,48,28,24,5,9
3/6/19,131,57,46,32,7,10
3/7/19,133,70,49,22,7,8
3/8/19,124,72,38,30,10,10
3/9/19,153,88,50,33,6,10
3/10/19,169,99,34,41,7,10
3/11/19,171,92,31,47,5,9
3/12/19,123,102,45,47,6,8
3/13/19,142,105,33,45,11,11
3/14/19,185,68,48,24,4,8
3/15/19,149,83,44,42,4,10
3/16/19,148,95,63,41,11,12
3/17/19,151,88,42,44,8,13
3/18/19,156,70,46,26,5,10
3/19/19,155,76,41,28,10,14
3/20/19,152,62,44,23,6,12
3/21/19,129,82,29,23,10,17
3/22/19,134,45,26,15,4,9
3/23/19,99,53,37,27,6,9
3/24/19,125,85,30,34,7,11
3/25/19,160,53,39,22,5,9
3/26/19,118,102,2,42,9,15
3/27/19,158,67,4,29,5,16
3/28/19,152,84,11,37,5,19
3/29/19,167,89,39,38,7,20
3/30/19,165,105,46,26,5,13
3/31/19,166,58,48,27,6,13
4/1/19,136,87,66,35,8,12
4/2/19,142,62,36,34,8,16
4/3/19,133,44,56,23,4,11
4/4/19,114,78,52,42,5,13
4/5/19,154,53,46,24,3,10
4/6/19,122,72,63,36,6,11
4/7/19,133,83,75,41,10,13
4/8/19,148,77,64,33,7,13
4/9/19,137,42,34,15,6,10
4/10/19,94,32,31,11,3,9
4/11/19,96,58,40,22,3,8
4/12/19,130,54,59,22,6,10
4/13/19,109,68,47,32,8,12
4/14/19,129,75,48,25,4,9
4/15/19,121,62,74,26,5,9
4/16/19,122,53,49,19,3,7
4/17/19,114,68,67,31,3,9
4/18/19,117,74,53,33,11,13
4/19/19,126,65,60,21,4,12
4/20/19,137,77,88,20,6,17
4/21/19,149,50,36,13,2,9
4/22/19,133,64,18,20,4,17
4/23/19,161,59,53,26,3,14
4/24/19,136,83,109,41,6,20
4/25/19,159,89,45,34,4,19
4/26/19,147,53,23,22,6,14
4/27/19,103,51,42,16,7,12
4/28/19,113,38,32,13,2,9
4/29/19,100,20,28,14,2,9
4/30/19,65,58,58,28,3,10
5/1/19,133,65,62,22,4,11
5/2/19,123,66,76,38,6,13
5/3/19,115,79,93,38,7,11
5/4/19,138,82,87,41,10,11
5/5/19,145,74,45,37,10,12
5/6/19,128,58,53,19,4,10
5/7/19,111,55,45,24,8,13
5/8/19,93,58,77,27,6,9
5/9/19,105,60,73,29,6,8
5/10/19,129,68,96,38,6,9
5/11/19,140,86,117,52,7,12
5/12/19,150,98,64,52,8,13
5/13/19,162,119,37,22,4,9
5/14/19,160,125,23,38,4,11
5/15/19,161,43,19,21,2,12
5/16/19,114,59,21,30,2,13
5/17/19,141,58,50,34,2,14
5/18/19,142,69,70,29,3,16
5/19/19,138,43,38,15,2,7
5/20/19,97,80,50,17,3,5
5/21/19,101,84,43,35,4,8
5/22/19,143,83,83,34,4,9
5/23/19,154,95,117,50,4,11
5/24/19,149,76,66,35,7,11
5/25/19,148,49,35,26,2,9
5/26/19,113,21,56,24,2,10
5/27/19,64,76,60,23,2,9
5/28/19,97,49,64,14,4,9
5/29/19,89,48,57,19,7,11
5/30/19,100,40,44,22,2,9
5/31/19,108,63,87,26,3,11
6/1/19,144,66,89,36,3,12
6/2/19,139,52,81,26,3,9
6/3/19,116,67,77,33,2,10
6/4/19,121,65,87,24,3,10
6/5/19,131,59,106,21,3,11
6/6/19,134,22,60,12,2,9
6/7/19,64,39,98,26,5,14
6/8/19,97,49,85,24,5,11
6/9/19,121,65,93,40,2,12
6/10/19,134,69,95,29,2,12
6/11/19,133,56,91,21,3,9
6/12/19,106,50,74,22,3,10
6/13/19,104,58,57, ,2, 
6/14/19,124,59,113,29,4,11
6/15/19,128,66,104,29,5,10
6/16/19,125,51,48,21,7,11
6/17/19,108,27,34,16,3,10
6/18/19,86,25,46,15,2,11
6/19/19,76,33,39,17,3,13
6/20/19,89,37,46,16,4,11
6/21/19,87,21,24,13,3,16
6/22/19,57,21,27,18,4,20
6/23/19,65, , , , , 
6/24/19, ,53,107,20,5,10
6/25/19,115,62,101,30,4,10
6/26/19,128,65,110,25,7,12
6/27/19,147,68,103,31,5,11
6/28/19,148,61,47,20,5,10
6/29/19,127,22,45,13,2,9
6/30/19,68,33,71,18,3,7
7/1/19,78,51,78,26,3,11
7/2/19,91,62,130,31,7,15
7/3/19,127,64,117,32,5,13
7/4/19,131,60,41,26,4,10
7/5/19,121,60,64,27,3,9
7/6/19,138,48,56,20,2,9
7/7/19,97,56,90,25,4,12
7/8/19,107,56,64,20,4,14
7/9/19,106,35,45,11,3,9
7/10/19,85,40,82,22,4,11
7/11/19,93,51,81,25,5,11
7/12/19,114,42,37,21,3,18
7/13/19,107,24,39,13,2,7
7/14/19,74,49,78,20,3,9
7/15/19,110,44,68,21,4,10
7/16/19,98,43,76,24,3,10
7/17/19,89,54,47,24,3,11
7/18/19,109,37,45,17,4,15
7/19/19,87,34,43,14,2,8
7/20/19,89,46,90,25,3,9
7/21/19,91,50,69,29,5,10
7/22/19,126,56,59,27,2,8
7/23/19,114,45,45,18,2,7
7/24/19,79,53,56,18,2,9
7/25/19,77,47,51,22,2,7
7/26/19,104,51,52,22,2,6
7/27/19,80,46,50,15,2,7
7/28/19,81,48,46,16,1,7
7/29/19,82,48,50,14,2,7
7/30/19,92,38,49,18,2,8
7/31/19,78,48,83,23,4,9
8/1/19,108,48,69,21,3,9
8/2/19,92,49,60,20,8,14
8/3/19,91,43,78,18,4,12
8/4/19,86,47,106,20,6,12
8/5/19,91,52,101,29,4,9
8/6/19,109,52,103,24,5,11
8/7/19,111,51,82,23,4,16
8/8/19,108,42,70,17,3,11
8/9/19,92,48,63,15,2,8
8/10/19,117,29,32,9,2,6
8/11/19,76,30,62,9,2,8
8/12/19,94,42,91,20,3,8
8/13/19,93,54,104,29,6,12
8/14/19,118,54,97,20,5,11
8/15/19,122,51,87,26,4,11
8/16/19,113,58,96,30,3,8
8/17/19,115,72,143,32,8,12
8/18/19,146,66,109,18,9,14
8/19/19,133,53,105,20,9,12
8/20/19,111,61,132,26,8,12
8/21/19,147,79,104,35,6,11
8/22/19,145,62,76,14,4,11
8/23/19,151,73,108,23,7,15
8/24/19,159,65,111,24,11,18
8/25/19,149,57,104,21,10,19
8/26/19,120,44,56,12,6,13
8/27/19,102,45,78,18,5,13
8/28/19,91,25,41,13,2,10
8/29/19,71,41,112,22,6,13
8/30/19,98,54,86,20,9,15
8/31/19,103,47,65,23,11,14
9/1/19,78,49,50,26,6,10
9/2/19,118,53,95,23,8,12
9/3/19,121,42,65,16,7,14
9/4/19,93,51,76,18,8,12
9/5/19,117,55,119,25,10,25
9/6/19,107,52,84,18,6,15
9/7/19,94,60,110,25,6,11
9/8/19,95,65,102,38,7,13
9/9/19,129,65,115,31,8,15
9/10/19,142,65,112,23,8,17
9/11/19,142,59,111,25,13,15
9/12/19,122,68,125,26,6,13
9/13/19,144,66,115,16,8,11
9/14/19,134,49,59,8,5,9
9/15/19,89,54,52,11,4,10
9/16/19,112,48,37,11,4,8
9/17/19,97,46,35,12,5,9
9/18/19,90,46,29,13,4,8
9/19/19,108,62,86,21,9,13
9/20/19,125,44,54,16,5,8
9/21/19,66,47,68,16,5,5
9/22/19,77,54,69,17,6,6
9/23/19,87,52,74,24,7,7
9/24/19,89,57,90,39,9,10
9/25/19,102,69,73,56,12,12
9/26/19,126,81,95,52,10,13
9/27/19,144,66,75,42,10,12
9/28/19,123,69,108,39,11,13
9/29/19,135,78,108,53,10,13
9/30/19,151,69,102,45,11,13
10/1/19,139,61,110,30,12,12
10/2/19,118,56,87,24,8,11
10/3/19,118,63,101,35,9,12
10/4/19,143,74,114,33,9,12
10/5/19,150,51,39,9,3,7
10/6/19,105,28,14,13,3,8
10/7/19,69,21,33,11,3,5
10/8/19,46,21,33,12,4,7
10/9/19,57,38,42,22,6,10
10/10/19,83,62,33,28,5,11
10/11/19,137,32,29,17,3,8
10/12/19,68,43,27,15,3,9
10/13/19,110,42,29,16,3,9
10/14/19,113,56,40,13,5,10
10/15/19,113,49,48,14,4,7
10/16/19,92,33,32,14,4,8
10/17/19,77,45,44,16,4,6
10/18/19,107,48,62,27,7,9
10/19/19,115,55,69,42,5,12
10/20/19,133,63,69,48,6,13
10/21/19,143,66,77,50,6,14
10/22/19,144,60,39,30,6,11
10/23/19,137,48,47,25,6,14
10/24/19,115,53,53,34,5,13
10/25/19,121,44,23,15,4,6
10/26/19,88,48,20,17,4,5
10/27/19,86,53,23,22,4,6
10/28/19,122,51,34,25,5,7
10/29/19,120,59,13,34,4,10
10/30/19,140,108,47,41,9,12
10/31/19,132,104,56,54,7,15
11/1/19,157,94,59,52,6,12
11/2/19,152,95,47,55,7,12
11/3/19,158,91,62,25,6,9
11/4/19,157,90,45,16,4,9
11/5/19,175,79,50,34,10,15
11/6/19,165,72,43,35,7,11
11/7/19,147,69,56,26,5,8
11/8/19,136,72,58,42,12,19
11/9/19,153,82,54,48,7,11
11/10/19,160,85,44,44,7,10
11/11/19,152,81,48,47,7,11
11/12/19,151,69,40,26,7,10
11/13/19,140,59,26,24,4,8
11/14/19,104,56,27,31,5,7
11/15/19,84,67,34,39,10,10
11/16/19,116,94,29,53,12,14
11/17/19,152,89,21,32,5,12
11/18/19,174,57,26,16,3,5
11/19/19,83,76,20,28,6,8
11/20/19,111,72,26,33,6,7
11/21/19,120,81,15,41,9,10
11/22/19,150,101,35,48,10,13
11/23/19,159,88,18,51,10,13
11/24/19,155,112,24,30,6,12
11/25/19,184,29,19,11,3,6
11/26/19,80,37,11,16,4,10
11/27/19,98,24,17,14,3,7
11/28/19,80,73,14,23,14,12
11/29/19,164,57,20,23,6,9
11/30/19,119,53,12,22,4,6
12/1/19,143,67,21,22,4,8
12/2/19,164,76,27,34,10,13
12/3/19,161,82,17,48,5,16
12/4/19,162,89,25,52,7,18
12/5/19,162,73,30,40,7,13
12/6/19,140,85,35,38,11,13
12/7/19,178,84,34,44,9,12
12/8/19,169,85,33,46,9,13
12/9/19,166,89,28,54,9,13
12/10/19,163,107,15,60,10,17
12/11/19,173,103,29,52,9,18
12/12/19,173,86,33,43,9,13
12/13/19,160,112,19,55,10,14
12/14/19,181,123,25,39,11,18
12/15/19,206,105,18,33,14,19
12/16/19,184,70,5,23,4,9
12/17/19,155,55,8,22,4,10
12/18/19,137,63,8,18,3,10
12/19/19,159,45,18,22,12,9
12/20/19,112,62,7,26,6,11
12/21/19,147,60,5,29,5,11
12/22/19,150,53,23,24,4,7
12/23/19,152,58,14,23,6,10
12/24/19,143,74,6,24,5,15
12/25/19,171,51,5,18,4,13
12/26/19,129,66,21,21,5,12
12/27/19,151,82,21,33,6,13
12/28/19,169,87,5,39,14,16
12/29/19,167,61,17,28,4,10
12/30/19,150, , , , , 
1/1/20, ,65,7,29,7,12
1/2/20,136,81,4,24,4,11
1/3/20,165,86,5,25,3,9
1/4/20,182,104,3,27,3,13
1/5/20,194,82,2,22,4,14
1/6/20,165,29,5,21,3,14
1/7/20,70,23,19,20,2,13
1/8/20,71,49,21,20,5,12
1/9/20,129,22,19,18,3,8
1/10/20,71,31,14,16,2,8
1/11/20,105,39,14,19,2,7
1/12/20,119,70,15,33,4,15
1/13/20,163,58,24,27,4,11
1/14/20,145,89,32,22,5,13
1/15/20,187,77,28,22,5,14
1/16/20,177,54,18,15,2,9
1/17/20,159,46,19,19,3,8
1/18/20,142,61,26,29,5,13
1/19/20,158,85,32,27,4,11
1/20/20,184,95,25,44,5,18
1/21/20,186,79,23,26,4,13
1/22/20,176,73,21,17,3,11
1/23/20,173,71,21,12,3,12
1/24/20,174,39,28,7,2,5
1/25/20,116,46,23,7,2,7
1/26/20,131,32,30,6,3,5
1/27/20,104,45,28,6,2,8
1/28/20,137,55,33,9,2,7
1/29/20,154,54,35,15,4,7
1/30/20,154,55,42,20,4,8
1/31/20,153,68,45,22,5,10
2/1/20,168,63,40,23,6,11
2/2/20,164,61,31,23,4,9
2/3/20,160,67,40,20,6,12
2/4/20,166,67,46,26,6,10
2/5/20,166,80,39,25,8,15
2/6/20,184,47,22,10,4,12
2/7/20,122,20,19,6,2,7
2/8/20,81,28,23,10,3,8
2/9/20,93,36,34,13,3,9
2/10/20,109,45,25,20,5,10
2/11/20,141,36,24,10,4,11
2/12/20,113,34,23,15,5,11
2/13/20,105,36,21,14,6,14
2/14/20,105,39,19,10,5,14
2/15/20,101,27,23,6,2,10
2/16/20,83,23,33,7,3,8
2/17/20,69,26,36,13,3,8
2/18/20,72,29,43,17,5,10
2/19/20,89,34,37,13,7,11
2/20/20,100,49,42,20,6,14
2/21/20,128,49,33,14,4,11
2/22/20,140,53,42,14,6,13
2/23/20,144,60,43,15,8,12
2/24/20,128,55,43,12,9,14
2/25/20,131,72,43,15,4,14
2/26/20,160,57,27,9,4,16
2/27/20,147,46,26,12,5,13
2/28/20,123,17,17,9,3,13
2/29/20,66,20,36,11,4,14
3/1/20,83,39,34,8,3,12
3/2/20,111,39,29,10,5,13
3/3/20,106,29,23,10,2,10
3/4/20,93,41,43,15,6,12
3/5/20,124,55,52,15,6,9
3/6/20,155,49,34,12,9,9
3/7/20,146,44,44,14,6,12
3/8/20,130,34,31,14,7,13
3/9/20,115,49,37,8,3,9
3/10/20,146,49,40,11,3,8
3/11/20,138,61,46,20,6,10
3/12/20,138,58,30,19,13,13
3/13/20,153,74,33,16,3,10
3/14/20,157,65,45,11,4,8
3/15/20,148,67,52,19,4,6
3/16/20,107,68,41,22,8,11
3/17/20,142,64,59,25,6,9
3/18/20,142,62,49,16,6,8
3/19/20,136,57,57,19,5,8
3/20/20,113,76,62,18,10,8
3/21/20,111,62,36,19,8,14
3/22/20,139,70,46,9,4,11
3/23/20,145,64,66,17,8,14
3/24/20,147,54,39,13,8,11
3/25/20,127,42,25,12,6,11
3/26/20,111,52,36,13,6,13
3/27/20,99,21,26,6,3,6
3/28/20,59,19,35,9,5,8
3/29/20,62,18,29,10,4,8
3/30/20,62,24,30,8,3,7
3/31/20,71,37,23,13,4,7
4/1/20,91,39,39,15,4,10
4/2/20,101,46,45,13,3,8
4/3/20,121,62,43,15,4,9
4/4/20,156,60,61,18,5,10
4/5/20,150,64,85,20,5,9
4/6/20,151,55,52,17,5,7
4/7/20,100,55,62,23,6,8
4/8/20,112,55,70,30,4,7
4/9/20,105,61,94,38,6,8
4/10/20,126,60,25,13,3,6
4/11/20,119,21,39,4,2,4
4/12/20,47,46,65,15,3,5
4/13/20,111,46,63,28,3,6
4/14/20,101,51,57,30,10,7
4/15/20,107,50,68,30,9,7
4/16/20,100,63,72,24,12,9
4/17/20,134,74,47,13,6,7
4/18/20,118,55,42,14,3,10
4/19/20,116,27,61,10,2,7
4/20/20,84,49,33,26,4,9
4/21/20,135,52,37,17,4,7
4/22/20,109,58,55,25,9,11
4/23/20,132,64,55,26,6,10
4/24/20,135,54,53,24,4,6
4/25/20,96,51,56,30,5,5
4/26/20,88,57,59,28,5,6
4/27/20,99,62,66,28,4,7
4/28/20,110,59,82,32,8,13
4/29/20,109,73,84,42,7,9
4/30/20,130,71,51,34,6,10
5/1/20,148,58,69,17,5,10
5/2/20,150,67,59,23,4,9
5/3/20,136,58,73,23,4,7
5/4/20,112,72,65,35,6,14
5/5/20,132,44,37,9,2,10
5/6/20,127,52,34,16,6,15
5/7/20,121,49,39,17,5,16
5/8/20,119,29,35,12,2,11
5/9/20,80,28,38,8,3,9
5/10/20,79,31,54,13,2,8
5/11/20,72,72,62,34,3,11
5/12/20,99,70,74,28,5,6
5/13/20,99,88,82,36,7,10
5/14/20,137,59,40,23,5,10
5/15/20,149,66,48,30,4,12
5/16/20,158,47,53,27,3,10
5/17/20,99,53,73,24,3,8
5/18/20,105,68,59,19,4,6
5/19/20,105,67,99,26,6,10
5/20/20,101,72,55,28,8,12
5/21/20,131,55,43,24,5,11
5/22/20,118,60,96,32,5,7
5/23/20,107,72,106,37,3,7
5/24/20,136,85,98,31,4,7
5/25/20,139,50,47,15,3,6
5/26/20,119,44,74,18,3,6
5/27/20,109,58,96,28,4,6
5/28/20,109,68,71,30,4,7
5/29/20,133,59,41,26,4,9
5/30/20,133,43,57,18,5,7
5/31/20,103,58,61,31,5,10
6/1/20,112,56,88,24,5,10
6/2/20,133,52,117,23,2,9
6/3/20,109,43,78,29,4,9
6/4/20,89,43,61,20,3,6
6/5/20,91,47,70,20,3,8
6/6/20,84,39,72,17,4,9
6/7/20,78,45,67,13,4,9
6/8/20,82,48,75,14,5,9
6/9/20,82,43,45,15,3,11
6/10/20,86,35,44,13,2,9
6/11/20,101,36,53,17,2,7
6/12/20,84,37,48,22,2,8
6/13/20,72,25,29,21,2,8
6/14/20,61,23,26,17,2,11
6/15/20,72,36,65,18,1,10
6/16/20,91,34,58,17,2,10
6/17/20,83,31,49,13,2,5
6/18/20,67,16,36,12,2,7
6/19/20,57,37,52,18,3,8
6/20/20,105,27,37,13,3,9
6/21/20,84,20,25,13,2,11
6/22/20,65,24,13,18,2,9
6/23/20,67,21,28,16,2,7
6/24/20,66,36,93,26,2,8
6/25/20,97,57,107,39,3,11
6/26/20,119,34,62,18,2,8
6/27/20,84,25,31,24,2,6
6/28/20,67,31,27,17,2,9
6/29/20,79,17,37,18,2,6
6/30/20,56,30,93,32,2,7
7/1/20,77,52,80,28,4,12
7/2/20,102,44,39,23,6,19
7/3/20,111,24,82,20,3,7
7/4/20,65,27,42,24,3,10
7/5/20,73,17,21,18,3,9
7/6/20,63,6,18,17,2,6
7/7/20,29,10,35,9,2,6
7/8/20,29,10,21,9,3,8
7/9/20,42,29,62,19,2,8
7/10/20,76,50,57,21,3,9
7/11/20,103,30,30,10,3,7
7/12/20,70,24,28,11,3,5
7/13/20,57,18,44,10,2,5
7/14/20,55,37,69,17,4,10
7/15/20,87,19,25,11,2,5
7/16/20,54,40,21,15,4,9
7/17/20,80,49,59,23,5,14
7/18/20,109,45,25,14,3,9
7/19/20,99,25,48,10,2,6
7/20/20,70,64,103,15,3,9
7/21/20,145,71,32,33,3,9
7/22/20,157, , , , , 